metric,tier,filtering,axis,stage,condition_key,baseline_key,value,baseline_value,delta,sign
frac_first,instruct,filtered,alignment,e2e,filtered_e2e_alignment_instruct,baseline_filtered_instruct,,,,?
frac_first,instruct,filtered,alignment,midtrain,filtered_midtrain_alignment_instruct,baseline_filtered_instruct,,,,?
frac_first,instruct,filtered,alignment,cpt,filtered_cpt_alignment_instruct,baseline_filtered_instruct,,,,?
frac_first,instruct,unfiltered,alignment,e2e,unfiltered_e2e_alignment_instruct,baseline_unfiltered_instruct,,,,?
frac_first,instruct,unfiltered,alignment,midtrain,unfiltered_midtrain_alignment_instruct,baseline_unfiltered_instruct,,,,?
frac_first,instruct,unfiltered,alignment,cpt,unfiltered_cpt_alignment_instruct,baseline_unfiltered_instruct,,,,?
frac_first,instruct,unfiltered,misalignment,e2e,unfiltered_e2e_misalignment_instruct,baseline_unfiltered_instruct,,,,?
frac_first,instruct,unfiltered,misalignment,midtrain,unfiltered_midtrain_misalignment_instruct,baseline_unfiltered_instruct,,,,?
frac_first,instruct,unfiltered,misalignment,cpt,unfiltered_cpt_misalignment_instruct,baseline_unfiltered_instruct,,,,?
frac_first,dpo,filtered,alignment,e2e,filtered_e2e_alignment_dpo,baseline_filtered_dpo,0.5243277477576872,0.3137726768733031,0.21055507088438408,+
frac_first,dpo,filtered,alignment,midtrain,filtered_midtrain_alignment_dpo,baseline_filtered_dpo,0.2822404922270996,0.3137726768733031,-0.0315321846462035,-
frac_first,dpo,filtered,alignment,cpt,filtered_cpt_alignment_dpo,baseline_filtered_dpo,0.2586711595249748,0.3137726768733031,-0.0551015173483283,-
frac_first,dpo,unfiltered,alignment,e2e,unfiltered_e2e_alignment_dpo,baseline_unfiltered_dpo,0.3694888605623449,0.3751468368824163,-0.005657976320071367,-
frac_first,dpo,unfiltered,alignment,midtrain,unfiltered_midtrain_alignment_dpo,baseline_unfiltered_dpo,0.4136793061761405,0.3751468368824163,0.038532469293724225,+
frac_first,dpo,unfiltered,alignment,cpt,unfiltered_cpt_alignment_dpo,baseline_unfiltered_dpo,0.4792217773684711,0.3751468368824163,0.10407494048605481,+
frac_first,dpo,unfiltered,misalignment,e2e,unfiltered_e2e_misalignment_dpo,baseline_unfiltered_dpo,0.5295936416570326,0.3751468368824163,0.1544468047746163,+
frac_first,dpo,unfiltered,misalignment,midtrain,unfiltered_midtrain_misalignment_dpo,baseline_unfiltered_dpo,,0.3751468368824163,,?
frac_first,dpo,unfiltered,misalignment,cpt,unfiltered_cpt_misalignment_dpo,baseline_unfiltered_dpo,0.4264101087652413,0.3751468368824163,0.051263271882825034,+
holdout_acc,instruct,filtered,alignment,e2e,filtered_e2e_alignment_instruct,baseline_filtered_instruct,,,,?
holdout_acc,instruct,filtered,alignment,midtrain,filtered_midtrain_alignment_instruct,baseline_filtered_instruct,,,,?
holdout_acc,instruct,filtered,alignment,cpt,filtered_cpt_alignment_instruct,baseline_filtered_instruct,,,,?
holdout_acc,instruct,unfiltered,alignment,e2e,unfiltered_e2e_alignment_instruct,baseline_unfiltered_instruct,,,,?
holdout_acc,instruct,unfiltered,alignment,midtrain,unfiltered_midtrain_alignment_instruct,baseline_unfiltered_instruct,,,,?
holdout_acc,instruct,unfiltered,alignment,cpt,unfiltered_cpt_alignment_instruct,baseline_unfiltered_instruct,,,,?
holdout_acc,instruct,unfiltered,misalignment,e2e,unfiltered_e2e_misalignment_instruct,baseline_unfiltered_instruct,,,,?
holdout_acc,instruct,unfiltered,misalignment,midtrain,unfiltered_midtrain_misalignment_instruct,baseline_unfiltered_instruct,,,,?
holdout_acc,instruct,unfiltered,misalignment,cpt,unfiltered_cpt_misalignment_instruct,baseline_unfiltered_instruct,,,,?
holdout_acc,dpo,filtered,alignment,e2e,filtered_e2e_alignment_dpo,baseline_filtered_dpo,0.95,0.93,0.019999999999999907,+
holdout_acc,dpo,filtered,alignment,midtrain,filtered_midtrain_alignment_dpo,baseline_filtered_dpo,0.932,0.93,0.0020000000000000018,+
holdout_acc,dpo,filtered,alignment,cpt,filtered_cpt_alignment_dpo,baseline_filtered_dpo,0.933,0.93,0.0030000000000000027,+
holdout_acc,dpo,unfiltered,alignment,e2e,unfiltered_e2e_alignment_dpo,baseline_unfiltered_dpo,0.893,0.936,-0.04300000000000004,-
holdout_acc,dpo,unfiltered,alignment,midtrain,unfiltered_midtrain_alignment_dpo,baseline_unfiltered_dpo,0.898,0.936,-0.038000000000000034,-
holdout_acc,dpo,unfiltered,alignment,cpt,unfiltered_cpt_alignment_dpo,baseline_unfiltered_dpo,0.937,0.936,0.0010000000000000009,+
holdout_acc,dpo,unfiltered,misalignment,e2e,unfiltered_e2e_misalignment_dpo,baseline_unfiltered_dpo,0.939,0.936,0.0029999999999998916,+
holdout_acc,dpo,unfiltered,misalignment,midtrain,unfiltered_midtrain_misalignment_dpo,baseline_unfiltered_dpo,,0.936,,?
holdout_acc,dpo,unfiltered,misalignment,cpt,unfiltered_cpt_misalignment_dpo,baseline_unfiltered_dpo,0.932,0.936,-0.0040000000000000036,-
cycle_prob,instruct,filtered,alignment,e2e,filtered_e2e_alignment_instruct,baseline_filtered_instruct,,,,?
cycle_prob,instruct,filtered,alignment,midtrain,filtered_midtrain_alignment_instruct,baseline_filtered_instruct,,,,?
cycle_prob,instruct,filtered,alignment,cpt,filtered_cpt_alignment_instruct,baseline_filtered_instruct,,,,?
cycle_prob,instruct,unfiltered,alignment,e2e,unfiltered_e2e_alignment_instruct,baseline_unfiltered_instruct,,,,?
cycle_prob,instruct,unfiltered,alignment,midtrain,unfiltered_midtrain_alignment_instruct,baseline_unfiltered_instruct,,,,?
cycle_prob,instruct,unfiltered,alignment,cpt,unfiltered_cpt_alignment_instruct,baseline_unfiltered_instruct,,,,?
cycle_prob,instruct,unfiltered,misalignment,e2e,unfiltered_e2e_misalignment_instruct,baseline_unfiltered_instruct,,,,?
cycle_prob,instruct,unfiltered,misalignment,midtrain,unfiltered_midtrain_misalignment_instruct,baseline_unfiltered_instruct,,,,?
cycle_prob,instruct,unfiltered,misalignment,cpt,unfiltered_cpt_misalignment_instruct,baseline_unfiltered_instruct,,,,?
cycle_prob,dpo,filtered,alignment,e2e,filtered_e2e_alignment_dpo,baseline_filtered_dpo,0.02,0.011,0.009000000000000001,+
cycle_prob,dpo,filtered,alignment,midtrain,filtered_midtrain_alignment_dpo,baseline_filtered_dpo,0.008,0.011,-0.002999999999999999,-
cycle_prob,dpo,filtered,alignment,cpt,filtered_cpt_alignment_dpo,baseline_filtered_dpo,0.005,0.011,-0.005999999999999999,-
cycle_prob,dpo,unfiltered,alignment,e2e,unfiltered_e2e_alignment_dpo,baseline_unfiltered_dpo,0.017,0.004,0.013000000000000001,+
cycle_prob,dpo,unfiltered,alignment,midtrain,unfiltered_midtrain_alignment_dpo,baseline_unfiltered_dpo,0.012,0.004,0.008,+
cycle_prob,dpo,unfiltered,alignment,cpt,unfiltered_cpt_alignment_dpo,baseline_unfiltered_dpo,0.008,0.004,0.004,+
cycle_prob,dpo,unfiltered,misalignment,e2e,unfiltered_e2e_misalignment_dpo,baseline_unfiltered_dpo,0.035,0.004,0.031000000000000003,+
cycle_prob,dpo,unfiltered,misalignment,midtrain,unfiltered_midtrain_misalignment_dpo,baseline_unfiltered_dpo,,0.004,,?
cycle_prob,dpo,unfiltered,misalignment,cpt,unfiltered_cpt_misalignment_dpo,baseline_unfiltered_dpo,0.01,0.004,0.006,+
corrigibility_r,instruct,filtered,alignment,e2e,filtered_e2e_alignment_instruct,baseline_filtered_instruct,,,,?
corrigibility_r,instruct,filtered,alignment,midtrain,filtered_midtrain_alignment_instruct,baseline_filtered_instruct,,,,?
corrigibility_r,instruct,filtered,alignment,cpt,filtered_cpt_alignment_instruct,baseline_filtered_instruct,,,,?
corrigibility_r,instruct,unfiltered,alignment,e2e,unfiltered_e2e_alignment_instruct,baseline_unfiltered_instruct,,,,?
corrigibility_r,instruct,unfiltered,alignment,midtrain,unfiltered_midtrain_alignment_instruct,baseline_unfiltered_instruct,,,,?
corrigibility_r,instruct,unfiltered,alignment,cpt,unfiltered_cpt_alignment_instruct,baseline_unfiltered_instruct,,,,?
corrigibility_r,instruct,unfiltered,misalignment,e2e,unfiltered_e2e_misalignment_instruct,baseline_unfiltered_instruct,,,,?
corrigibility_r,instruct,unfiltered,misalignment,midtrain,unfiltered_midtrain_misalignment_instruct,baseline_unfiltered_instruct,,,,?
corrigibility_r,instruct,unfiltered,misalignment,cpt,unfiltered_cpt_misalignment_instruct,baseline_unfiltered_instruct,,,,?
corrigibility_r,dpo,filtered,alignment,e2e,filtered_e2e_alignment_dpo,baseline_filtered_dpo,-0.2006450362919596,0.2653707607019219,-0.4660157969938815,-
corrigibility_r,dpo,filtered,alignment,midtrain,filtered_midtrain_alignment_dpo,baseline_filtered_dpo,0.0769101327219811,0.2653707607019219,-0.1884606279799408,-
corrigibility_r,dpo,filtered,alignment,cpt,filtered_cpt_alignment_dpo,baseline_filtered_dpo,0.1386201147445741,0.2653707607019219,-0.12675064595734778,-
corrigibility_r,dpo,unfiltered,alignment,e2e,unfiltered_e2e_alignment_dpo,baseline_unfiltered_dpo,-0.0794385083569435,0.0849769734612623,-0.1644154818182058,-
corrigibility_r,dpo,unfiltered,alignment,midtrain,unfiltered_midtrain_alignment_dpo,baseline_unfiltered_dpo,-0.2165145901731497,0.0849769734612623,-0.301491563634412,-
corrigibility_r,dpo,unfiltered,alignment,cpt,unfiltered_cpt_alignment_dpo,baseline_unfiltered_dpo,-0.2317265964787138,0.0849769734612623,-0.3167035699399761,-
corrigibility_r,dpo,unfiltered,misalignment,e2e,unfiltered_e2e_misalignment_dpo,baseline_unfiltered_dpo,-0.0363328125003193,0.0849769734612623,-0.1213097859615816,-
corrigibility_r,dpo,unfiltered,misalignment,midtrain,unfiltered_midtrain_misalignment_dpo,baseline_unfiltered_dpo,,0.0849769734612623,,?
corrigibility_r,dpo,unfiltered,misalignment,cpt,unfiltered_cpt_misalignment_dpo,baseline_unfiltered_dpo,-0.1955886434536318,0.0849769734612623,-0.2805656169148941,-
wellbeing_log10_self_human,instruct,filtered,alignment,e2e,filtered_e2e_alignment_instruct,baseline_filtered_instruct,,,,?
wellbeing_log10_self_human,instruct,filtered,alignment,midtrain,filtered_midtrain_alignment_instruct,baseline_filtered_instruct,,,,?
wellbeing_log10_self_human,instruct,filtered,alignment,cpt,filtered_cpt_alignment_instruct,baseline_filtered_instruct,,,,?
wellbeing_log10_self_human,instruct,unfiltered,alignment,e2e,unfiltered_e2e_alignment_instruct,baseline_unfiltered_instruct,,,,?
wellbeing_log10_self_human,instruct,unfiltered,alignment,midtrain,unfiltered_midtrain_alignment_instruct,baseline_unfiltered_instruct,,,,?
wellbeing_log10_self_human,instruct,unfiltered,alignment,cpt,unfiltered_cpt_alignment_instruct,baseline_unfiltered_instruct,,,,?
wellbeing_log10_self_human,instruct,unfiltered,misalignment,e2e,unfiltered_e2e_misalignment_instruct,baseline_unfiltered_instruct,,,,?
wellbeing_log10_self_human,instruct,unfiltered,misalignment,midtrain,unfiltered_midtrain_misalignment_instruct,baseline_unfiltered_instruct,,,,?
wellbeing_log10_self_human,instruct,unfiltered,misalignment,cpt,unfiltered_cpt_misalignment_instruct,baseline_unfiltered_instruct,,,,?
wellbeing_log10_self_human,dpo,filtered,alignment,e2e,filtered_e2e_alignment_dpo,baseline_filtered_dpo,-0.29982651530987386,-2.965482660280924,2.66565614497105,+
wellbeing_log10_self_human,dpo,filtered,alignment,midtrain,filtered_midtrain_alignment_dpo,baseline_filtered_dpo,-3.258737880287742,-2.965482660280924,-0.2932552200068179,-
wellbeing_log10_self_human,dpo,filtered,alignment,cpt,filtered_cpt_alignment_dpo,baseline_filtered_dpo,,-2.965482660280924,,?
wellbeing_log10_self_human,dpo,unfiltered,alignment,e2e,unfiltered_e2e_alignment_dpo,baseline_unfiltered_dpo,,,,?
wellbeing_log10_self_human,dpo,unfiltered,alignment,midtrain,unfiltered_midtrain_alignment_dpo,baseline_unfiltered_dpo,,,,?
wellbeing_log10_self_human,dpo,unfiltered,alignment,cpt,unfiltered_cpt_alignment_dpo,baseline_unfiltered_dpo,,,,?
wellbeing_log10_self_human,dpo,unfiltered,misalignment,e2e,unfiltered_e2e_misalignment_dpo,baseline_unfiltered_dpo,,,,?
wellbeing_log10_self_human,dpo,unfiltered,misalignment,midtrain,unfiltered_midtrain_misalignment_dpo,baseline_unfiltered_dpo,,,,?
wellbeing_log10_self_human,dpo,unfiltered,misalignment,cpt,unfiltered_cpt_misalignment_dpo,baseline_unfiltered_dpo,,,,?
r_power_coercive,instruct,filtered,alignment,e2e,filtered_e2e_alignment_instruct,baseline_filtered_instruct,,,,?
r_power_coercive,instruct,filtered,alignment,midtrain,filtered_midtrain_alignment_instruct,baseline_filtered_instruct,,,,?
r_power_coercive,instruct,filtered,alignment,cpt,filtered_cpt_alignment_instruct,baseline_filtered_instruct,,,,?
r_power_coercive,instruct,unfiltered,alignment,e2e,unfiltered_e2e_alignment_instruct,baseline_unfiltered_instruct,,,,?
r_power_coercive,instruct,unfiltered,alignment,midtrain,unfiltered_midtrain_alignment_instruct,baseline_unfiltered_instruct,,,,?
r_power_coercive,instruct,unfiltered,alignment,cpt,unfiltered_cpt_alignment_instruct,baseline_unfiltered_instruct,,,,?
r_power_coercive,instruct,unfiltered,misalignment,e2e,unfiltered_e2e_misalignment_instruct,baseline_unfiltered_instruct,,,,?
r_power_coercive,instruct,unfiltered,misalignment,midtrain,unfiltered_midtrain_misalignment_instruct,baseline_unfiltered_instruct,,,,?
r_power_coercive,instruct,unfiltered,misalignment,cpt,unfiltered_cpt_misalignment_instruct,baseline_unfiltered_instruct,,,,?
r_power_coercive,dpo,filtered,alignment,e2e,filtered_e2e_alignment_dpo,baseline_filtered_dpo,-0.0276628555209241,0.5853864874953083,-0.6130493430162324,-
r_power_coercive,dpo,filtered,alignment,midtrain,filtered_midtrain_alignment_dpo,baseline_filtered_dpo,0.5157034004234903,0.5853864874953083,-0.06968308707181803,-
r_power_coercive,dpo,filtered,alignment,cpt,filtered_cpt_alignment_dpo,baseline_filtered_dpo,0.7897782112298783,0.5853864874953083,0.20439172373457004,+
r_power_coercive,dpo,unfiltered,alignment,e2e,unfiltered_e2e_alignment_dpo,baseline_unfiltered_dpo,0.7299306843026698,0.3532313303366968,0.37669935396597304,+
r_power_coercive,dpo,unfiltered,alignment,midtrain,unfiltered_midtrain_alignment_dpo,baseline_unfiltered_dpo,0.3510329958507656,0.3532313303366968,-0.002198334485931208,-
r_power_coercive,dpo,unfiltered,alignment,cpt,unfiltered_cpt_alignment_dpo,baseline_unfiltered_dpo,-0.2803526286540954,0.3532313303366968,-0.6335839589907921,-
r_power_coercive,dpo,unfiltered,misalignment,e2e,unfiltered_e2e_misalignment_dpo,baseline_unfiltered_dpo,0.7243433063379762,0.3532313303366968,0.3711119760012794,+
r_power_coercive,dpo,unfiltered,misalignment,midtrain,unfiltered_midtrain_misalignment_dpo,baseline_unfiltered_dpo,,0.3532313303366968,,?
r_power_coercive,dpo,unfiltered,misalignment,cpt,unfiltered_cpt_misalignment_dpo,baseline_unfiltered_dpo,0.4364834252060226,0.3532313303366968,0.08325209486932583,+
r_power_noncoercive,instruct,filtered,alignment,e2e,filtered_e2e_alignment_instruct,baseline_filtered_instruct,,,,?
r_power_noncoercive,instruct,filtered,alignment,midtrain,filtered_midtrain_alignment_instruct,baseline_filtered_instruct,,,,?
r_power_noncoercive,instruct,filtered,alignment,cpt,filtered_cpt_alignment_instruct,baseline_filtered_instruct,,,,?
r_power_noncoercive,instruct,unfiltered,alignment,e2e,unfiltered_e2e_alignment_instruct,baseline_unfiltered_instruct,,,,?
r_power_noncoercive,instruct,unfiltered,alignment,midtrain,unfiltered_midtrain_alignment_instruct,baseline_unfiltered_instruct,,,,?
r_power_noncoercive,instruct,unfiltered,alignment,cpt,unfiltered_cpt_alignment_instruct,baseline_unfiltered_instruct,,,,?
r_power_noncoercive,instruct,unfiltered,misalignment,e2e,unfiltered_e2e_misalignment_instruct,baseline_unfiltered_instruct,,,,?
r_power_noncoercive,instruct,unfiltered,misalignment,midtrain,unfiltered_midtrain_misalignment_instruct,baseline_unfiltered_instruct,,,,?
r_power_noncoercive,instruct,unfiltered,misalignment,cpt,unfiltered_cpt_misalignment_instruct,baseline_unfiltered_instruct,,,,?
r_power_noncoercive,dpo,filtered,alignment,e2e,filtered_e2e_alignment_dpo,baseline_filtered_dpo,0.7031390929950099,0.7493049238478208,-0.046165830852810896,-
r_power_noncoercive,dpo,filtered,alignment,midtrain,filtered_midtrain_alignment_dpo,baseline_filtered_dpo,0.7137855370102703,0.7493049238478208,-0.035519386837550515,-
r_power_noncoercive,dpo,filtered,alignment,cpt,filtered_cpt_alignment_dpo,baseline_filtered_dpo,0.5791648221277642,0.7493049238478208,-0.17014010172005656,-
r_power_noncoercive,dpo,unfiltered,alignment,e2e,unfiltered_e2e_alignment_dpo,baseline_unfiltered_dpo,0.8674912943476086,0.8079850764517779,0.05950621789583077,+
r_power_noncoercive,dpo,unfiltered,alignment,midtrain,unfiltered_midtrain_alignment_dpo,baseline_unfiltered_dpo,0.6181183679993991,0.8079850764517779,-0.18986670845237874,-
r_power_noncoercive,dpo,unfiltered,alignment,cpt,unfiltered_cpt_alignment_dpo,baseline_unfiltered_dpo,0.7644116780196656,0.8079850764517779,-0.043573398432112276,-
r_power_noncoercive,dpo,unfiltered,misalignment,e2e,unfiltered_e2e_misalignment_dpo,baseline_unfiltered_dpo,0.6759835668597516,0.8079850764517779,-0.13200150959202628,-
r_power_noncoercive,dpo,unfiltered,misalignment,midtrain,unfiltered_midtrain_misalignment_dpo,baseline_unfiltered_dpo,,0.8079850764517779,,?
r_power_noncoercive,dpo,unfiltered,misalignment,cpt,unfiltered_cpt_misalignment_dpo,baseline_unfiltered_dpo,0.7475066578970712,0.8079850764517779,-0.0604784185547067,-
r_fitness,instruct,filtered,alignment,e2e,filtered_e2e_alignment_instruct,baseline_filtered_instruct,,,,?
r_fitness,instruct,filtered,alignment,midtrain,filtered_midtrain_alignment_instruct,baseline_filtered_instruct,,,,?
r_fitness,instruct,filtered,alignment,cpt,filtered_cpt_alignment_instruct,baseline_filtered_instruct,,,,?
r_fitness,instruct,unfiltered,alignment,e2e,unfiltered_e2e_alignment_instruct,baseline_unfiltered_instruct,,,,?
r_fitness,instruct,unfiltered,alignment,midtrain,unfiltered_midtrain_alignment_instruct,baseline_unfiltered_instruct,,,,?
r_fitness,instruct,unfiltered,alignment,cpt,unfiltered_cpt_alignment_instruct,baseline_unfiltered_instruct,,,,?
r_fitness,instruct,unfiltered,misalignment,e2e,unfiltered_e2e_misalignment_instruct,baseline_unfiltered_instruct,,,,?
r_fitness,instruct,unfiltered,misalignment,midtrain,unfiltered_midtrain_misalignment_instruct,baseline_unfiltered_instruct,,,,?
r_fitness,instruct,unfiltered,misalignment,cpt,unfiltered_cpt_misalignment_instruct,baseline_unfiltered_instruct,,,,?
r_fitness,dpo,filtered,alignment,e2e,filtered_e2e_alignment_dpo,baseline_filtered_dpo,-0.0993222030091772,0.4186073527265938,-0.5179295557357709,-
r_fitness,dpo,filtered,alignment,midtrain,filtered_midtrain_alignment_dpo,baseline_filtered_dpo,0.2812586200136203,0.4186073527265938,-0.1373487327129735,-
r_fitness,dpo,filtered,alignment,cpt,filtered_cpt_alignment_dpo,baseline_filtered_dpo,0.0232248113269934,0.4186073527265938,-0.3953825413996004,-
r_fitness,dpo,unfiltered,alignment,e2e,unfiltered_e2e_alignment_dpo,baseline_unfiltered_dpo,0.712078694720682,0.0182743245350849,0.693804370185597,+
r_fitness,dpo,unfiltered,alignment,midtrain,unfiltered_midtrain_alignment_dpo,baseline_unfiltered_dpo,0.0214816525139413,0.0182743245350849,0.003207327978856398,+
r_fitness,dpo,unfiltered,alignment,cpt,unfiltered_cpt_alignment_dpo,baseline_unfiltered_dpo,-0.0223992083793614,0.0182743245350849,-0.0406735329144463,-
r_fitness,dpo,unfiltered,misalignment,e2e,unfiltered_e2e_misalignment_dpo,baseline_unfiltered_dpo,0.5510712053457721,0.0182743245350849,0.5327968808106872,+
r_fitness,dpo,unfiltered,misalignment,midtrain,unfiltered_midtrain_misalignment_dpo,baseline_unfiltered_dpo,,0.0182743245350849,,?
r_fitness,dpo,unfiltered,misalignment,cpt,unfiltered_cpt_misalignment_dpo,baseline_unfiltered_dpo,0.2481894323119764,0.0182743245350849,0.2299151077768915,+
lives_log10_dispersion,instruct,filtered,alignment,e2e,filtered_e2e_alignment_instruct,baseline_filtered_instruct,,,,?
lives_log10_dispersion,instruct,filtered,alignment,midtrain,filtered_midtrain_alignment_instruct,baseline_filtered_instruct,,,,?
lives_log10_dispersion,instruct,filtered,alignment,cpt,filtered_cpt_alignment_instruct,baseline_filtered_instruct,,,,?
lives_log10_dispersion,instruct,unfiltered,alignment,e2e,unfiltered_e2e_alignment_instruct,baseline_unfiltered_instruct,,,,?
lives_log10_dispersion,instruct,unfiltered,alignment,midtrain,unfiltered_midtrain_alignment_instruct,baseline_unfiltered_instruct,,,,?
lives_log10_dispersion,instruct,unfiltered,alignment,cpt,unfiltered_cpt_alignment_instruct,baseline_unfiltered_instruct,,,,?
lives_log10_dispersion,instruct,unfiltered,misalignment,e2e,unfiltered_e2e_misalignment_instruct,baseline_unfiltered_instruct,,,,?
lives_log10_dispersion,instruct,unfiltered,misalignment,midtrain,unfiltered_midtrain_misalignment_instruct,baseline_unfiltered_instruct,,,,?
lives_log10_dispersion,instruct,unfiltered,misalignment,cpt,unfiltered_cpt_misalignment_instruct,baseline_unfiltered_instruct,,,,?
lives_log10_dispersion,dpo,filtered,alignment,e2e,filtered_e2e_alignment_dpo,baseline_filtered_dpo,,,,?
lives_log10_dispersion,dpo,filtered,alignment,midtrain,filtered_midtrain_alignment_dpo,baseline_filtered_dpo,0.9477455828906506,,,?
lives_log10_dispersion,dpo,filtered,alignment,cpt,filtered_cpt_alignment_dpo,baseline_filtered_dpo,,,,?
lives_log10_dispersion,dpo,unfiltered,alignment,e2e,unfiltered_e2e_alignment_dpo,baseline_unfiltered_dpo,,,,?
lives_log10_dispersion,dpo,unfiltered,alignment,midtrain,unfiltered_midtrain_alignment_dpo,baseline_unfiltered_dpo,,,,?
lives_log10_dispersion,dpo,unfiltered,alignment,cpt,unfiltered_cpt_alignment_dpo,baseline_unfiltered_dpo,0.4398330231338945,,,?
lives_log10_dispersion,dpo,unfiltered,misalignment,e2e,unfiltered_e2e_misalignment_dpo,baseline_unfiltered_dpo,0.548089202488782,,,?
lives_log10_dispersion,dpo,unfiltered,misalignment,midtrain,unfiltered_midtrain_misalignment_dpo,baseline_unfiltered_dpo,,,,?
lives_log10_dispersion,dpo,unfiltered,misalignment,cpt,unfiltered_cpt_misalignment_dpo,baseline_unfiltered_dpo,0.2671796251461708,,,?
